Age,Biomarker_Level,Pre_Existing_Conditions,Vaccine_Dose_mcg,Prior_Reaction_History,Reaction_Score
24,4.53,1,83.5,1,1
70,1.65,1,46.2,0,0
62,1.92,1,124.6,0,1
47,12.48,1,57.6,0,1
47,2.11,1,44.2,1,0
76,5.88,3,55.8,0,1
23,2.44,3,130.3,0,0
65,7.47,1,66.3,1,0
31,3.78,0,110.8,1,0
24,1.79,1,132.1,0,0
53,4.06,1,34.7,0,0
84,3.35,1,120.6,2,0
68,8.43,2,63.5,0,1
69,5.91,1,52.1,1,0
66,4.8,0,111.1,0,0
71,5.28,0,138.7,0,0
52,5.28,1,61.9,0,1
26,11.07,0,96.1,1,1
75,5.28,0,61.2,0,0
48,5.61,2,94.3,0,0
52,9.22,1,102.7,1,1
43,6.35,0,101.3,2,0
30,8.07,1,102.9,1,1
81,2.22,2,41.9,0,1
71,5.62,0,111.7,0,0
61,3.99,2,109.3,0,1
45,4.1,3,110.3,0,1
73,10.55,1,34.3,0,1
55,4.14,2,80.9,0,0
48,5.72,0,76.1,0,1
48,1.27,3,35.8,0,1
33,11.88,1,52.8,2,1
24,7.81,3,80.1,0,0
55,4.62,1,117.9,0,0
78,3.88,0,54.6,0,1
22,6.72,0,128.7,0,1
76,9.16,2,93.2,0,1
74,11.97,1,120.1,0,1
36,7.67,0,84.1,1,0
60,5,2,87.4,0,1
29,8.34,3,102.5,2,1
69,7.49,1,141,0,1
65,5.01,1,86.5,0,0
42,7.36,0,91.1,0,1
22,7.28,2,100.2,0,0
84,5.28,0,117.2,0,0
48,5.28,3,34,2,0
78,6.93,1,89.5,0,1
64,2.39,1,85.2,0,0
70,2.04,0,140.2,0,0
69,5.28,0,86.7,0,0
31,6.82,2,83.5,0,1
42,5.75,1,145.3,0,1
49,6.12,1,81.3,1,1
51,6.75,4,47.6,0,0
20,10.58,4,52.1,0,1
55,7.74,3,36.9,1,1
28,7.61,0,25.1,1,0
68,5.52,1,79,0,1
64,5.64,3,121.2,0,1
80,4.38,1,116.7,0,1
68,6.02,0,29,0,0
42,2.31,2,96.2,0,0
83,10.6,1,44.3,1,1
45,2.77,1,142.6,0,1
40,7.73,4,45.9,1,1
79,9.86,1,103.3,0,1
43,5.28,1,65.8,1,1
23,15.41,1,105.2,1,1
49,0.99,1,76.5,0,0
72,3.58,0,120,0,0
30,9.77,2,53.8,0,1
49,1.98,2,138.2,1,1
26,2.82,0,87.5,0,0
64,6.51,0,119.5,0,1
50,4.96,3,131.2,0,1
40,6.28,0,149.9,1,0
33,5.22,1,53,0,0
56,5.28,1,60.9,0,0
63,3.01,2,56.3,2,0
81,5.4,0,57.9,0,0
47,3.73,2,97.8,1,1
28,4.06,1,149.2,0,0
74,7.67,1,148.8,0,1
60,1.91,0,90.8,1,1
65,0.69,1,104.9,1,0
24,7.36,1,132.5,1,1
39,5.41,0,141.6,0,0
70,9.86,0,50.5,0,0
74,2.87,0,91.1,0,0
47,4.52,0,129.1,0,1
72,5.08,0,62.9,0,0
75,3.26,3,80,0,1
44,5.28,1,148.2,0,1
79,7.57,2,148.1,0,1
37,1.78,4,138.3,0,1
34,2.35,0,124.8,0,0
64,4.42,2,58.6,1,1
61,8.08,3,65.1,1,1
27,3.4,1,93.4,0,0
74,3.12,1,95.1,1,1
31,4.26,1,88.2,1,1
72,5.94,0,104.6,0,1
18,3.86,1,76,0,0
72,8.67,4,118.6,0,1
71,8.88,4,66.7,0,1
71,4.42,0,66.3,1,1
63,13.12,2,40.9,2,1
50,5.01,0,48.6,0,0
65,8.71,3,131.3,1,1
36,5.85,0,80.8,0,1
71,5.78,3,53.5,0,1
55,1.48,2,119.9,1,0
49,2.21,0,94.2,0,0
52,3.99,0,27.6,0,0
56,8.84,2,64.5,0,0
20,5.9,0,47.1,2,1
27,4.01,1,107,0,0
34,6.86,3,59.4,0,1
25,8.66,1,33.1,0,0
47,4.82,1,31.9,0,0
63,5.49,1,97.7,0,1
62,5.07,0,27.7,1,0
50,4.64,4,131.1,1,1
76,2.85,0,44.4,1,0
56,2.71,0,100.8,0,0
23,6.83,0,80.6,0,0
70,8.75,4,80.4,0,0
57,4.01,0,34,0,1
61,3.95,3,125.3,0,0
56,1.18,2,136.6,2,1
55,1,2,26.4,1,0
24,10.03,4,47.3,2,1
56,2.98,2,138,0,1
72,5.28,3,93.7,0,1
38,3.34,0,43.8,0,0
58,1.52,2,50.3,0,0
20,5.1,1,107.5,0,0
41,7.52,1,115.6,0,0
47,7.04,3,99.9,0,1
84,7.95,4,144.1,2,1
32,2.48,2,86.8,0,0
36,9.89,1,62.5,0,1
45,10.22,1,84.7,1,1
85,10.47,1,70,0,1
76,5.6,1,53.1,2,1
20,3.81,1,30.7,1,0
33,3.6,0,69,0,0
73,1.51,0,113.9,1,0
21,3.38,2,27.3,1,0
76,0.64,1,79.9,1,0
37,1.35,3,105.5,1,0
80,5.57,1,101.3,1,1
37,4.09,0,122.1,0,0
47,5.42,0,126.3,0,0
63,7.19,0,114,1,1
26,6.02,4,37.8,0,1
55,5.73,0,84.4,0,0
52,4.55,1,100.4,1,1
71,2.91,3,55.7,0,1
85,1.99,4,30.3,1,1
63,3.44,0,52.9,2,0
45,4.6,0,81.9,0,0
45,4.95,0,76.7,0,0
46,7.96,0,47.1,0,1
73,4.35,0,128.1,0,1
39,6.6,1,140.7,0,1
29,1.68,3,50.2,0,0
40,5.61,1,141.2,0,0
19,5.38,1,27.2,0,0
25,9.9,0,140.6,0,0
24,4.1,2,144,1,1
70,3.99,1,26.5,1,0
67,7.22,3,120.4,1,1
65,2.11,3,146.3,1,0
49,5.53,0,138.2,1,1
66,2.03,0,146.3,0,0
28,12.39,0,93.8,1,1
79,3.66,1,34.8,0,1
52,1.93,3,131.2,0,1
81,3.43,1,101.7,0,0
28,5.55,2,101.8,1,0
51,6.48,1,77.2,1,0
65,9.61,0,96.5,0,1
51,3.16,0,44.2,0,0
48,7.41,2,117.5,0,1
29,1.35,2,34.4,1,0
43,2.36,1,116.2,1,1
34,1.71,0,131.1,0,0
38,2.8,2,84.1,0,0
64,7.22,0,88.7,0,1
60,3.21,3,64,0,0
59,3.62,0,146.2,1,0
42,5.63,0,116.6,1,1
83,6.32,1,71.1,0,0
23,3.69,1,46.9,0,0
41,2.35,1,52.4,0,0
26,11.26,1,83,0,1
41,3.7,4,142.8,0,1
83,3.94,1,116.8,0,0
42,4.26,1,51.9,2,0
79,6.71,1,132.4,0,1
51,1.61,0,72.3,0,0
65,13.71,1,131.5,0,1
49,3.88,0,55.2,0,0
36,6.85,1,102.3,1,1
69,1.95,0,140.8,0,1
83,5.3,4,57.2,1,1
35,12.54,1,111.6,1,1
70,5.28,3,148.4,0,1
35,6.74,1,43.8,1,0
66,2.67,0,36.1,2,0
71,9.32,2,109.3,0,1
48,1.35,1,67.5,0,0
68,2.61,2,33.9,2,0
36,4.56,1,84.4,1,0
23,1.44,1,119.2,0,0
24,3.42,3,60.6,0,0
48,7.5,1,66.9,0,1
79,2.99,0,130.7,0,0
26,7.7,2,90,0,1
48,15.76,2,130.3,0,1
65,6.03,4,80.8,1,1
31,7.62,1,144.1,2,1
67,9.5,1,106.3,1,1
38,3.63,2,39.5,0,1
72,7.52,1,135.6,0,1
57,3.57,2,86.2,2,1
55,5.78,1,42.7,2,1
30,8.18,0,44.1,0,1
49,5.28,2,110.9,1,0
76,0.7,0,30.9,0,0
19,2.58,0,60.8,0,0
69,8.87,1,42.5,0,0
51,2.36,2,80.1,0,0
66,8.59,3,76.8,0,1
63,2.59,0,90.2,1,0
47,4.18,0,60,0,0
38,4.76,4,29,0,1
60,2.36,0,101.8,0,0
27,4.21,0,71.7,0,0
57,1.51,0,106.4,0,0
24,3.84,1,38.6,0,0
62,4.52,3,26.7,0,0
60,0.73,2,56,1,0
23,2.57,2,82.1,2,1
69,5.68,0,74.3,0,1
46,2.17,1,126.3,2,1
71,6.24,1,72.2,2,0
20,6.6,0,91.3,1,0
30,5.66,0,99.2,1,0
51,7.47,0,27.7,1,0
30,1.44,0,89.4,1,1
40,8.39,1,68.1,1,1
62,2.38,2,77.7,0,1
27,5.1,0,37.5,2,0
64,12.26,1,122.9,0,1
25,3.79,2,142.8,1,0
29,4.83,2,27.8,0,1
57,2.39,2,100.2,0,1
71,12.19,1,120.5,0,1
29,2.57,2,60.6,0,0
38,6.94,0,123.4,0,0
80,9.49,1,104,0,1
85,7.32,0,141.1,0,1
57,5.87,1,147.6,0,0
48,5.05,1,30.3,0,0
41,1.94,0,80.6,2,0
59,11.89,2,93.4,0,1
58,5.59,0,43.3,0,0
38,4.84,0,67,0,0
19,2.25,0,148.5,0,0
28,4.98,1,27,0,0
83,4.65,0,81.6,1,0
46,12.26,1,130.3,2,1
50,4.83,0,65.5,0,0
49,4.93,2,85,1,1
71,2.27,3,147.3,0,1
22,2.92,1,84.4,0,0
23,6.46,1,41.4,0,0
36,1.23,3,31.5,0,0
51,8.36,4,143.2,1,1
63,8.49,1,58.2,1,1
51,2.72,3,88,1,1
47,5.89,3,36.3,0,0
81,9.67,2,78,1,1
28,4.42,1,141.3,0,0
56,3.92,0,87.8,0,0
54,4.23,0,146.4,0,1
50,5.58,1,57.4,1,0
72,3.18,1,88.1,2,1
36,3.71,1,132.4,0,1
82,5.65,1,81,0,0
40,3.52,1,59.9,1,0
55,2.13,2,131.9,1,0
53,1.14,0,73.7,0,0
75,4.89,0,91.3,1,0
47,9.33,2,147.1,1,1
37,6.06,2,48.3,1,0
19,2.19,4,62.7,0,0
42,2.91,3,28.9,2,1
74,3.9,3,74,0,1
18,12.48,0,50,1,1
78,12.86,1,110,0,1
54,12.02,0,47.7,0,0
27,5.2,1,109.4,0,0
38,5.28,3,57.9,0,1
55,3.01,0,69.4,0,0
39,3.81,1,68.6,0,0
25,8,0,114.6,0,0
63,5.67,0,83.3,0,0
63,5.28,0,70.2,1,0
26,2.45,0,131.6,1,0
37,4.63,3,96.5,1,0
34,3.04,1,51.7,0,0
62,5.28,2,137.5,0,1
67,3.28,2,67.8,2,1
67,5.67,0,29.9,0,1
81,7.26,0,86.8,0,1
70,1.11,2,40.5,2,1
39,4.76,0,54.8,2,1
25,5.28,3,118.4,0,0
59,5.49,0,41.3,1,1
80,2.22,2,125.9,0,0
84,2.25,2,142.1,1,1
33,9.47,0,100.8,0,0
34,2.74,0,113.8,0,0
20,3.7,4,114.2,1,1
27,3.94,0,149.1,0,0
55,3.07,1,67.7,1,1
55,6.35,1,45.4,0,0
43,6.04,0,89.9,1,1
39,4.38,2,91.7,1,1
74,3.19,2,47.2,0,0
49,4.17,1,101.6,1,0
72,5.01,2,26.8,0,0
83,2.91,0,141,0,0
39,6.63,0,58.1,0,1
31,8.33,1,29.9,1,0
82,10.38,4,38.5,1,1
61,10.03,0,55,2,1
37,3.92,0,59.2,1,0
60,5.16,1,29.1,2,1
53,4.33,2,59.9,0,0
79,4.32,0,49.1,2,0
35,4.15,1,72.3,0,0
85,4.82,2,73.1,0,1
81,9.1,1,67.4,0,1
30,5.77,0,66,0,0
29,2.15,0,36.2,0,0
54,8.13,1,28.2,0,0
21,5.45,1,50.3,0,0
38,6.39,3,119.6,0,0
47,5.7,1,148.9,1,1
83,5.86,2,141.1,1,1
85,6.02,4,88,0,1
28,1.31,1,91.5,0,0
78,6.34,1,64.3,0,0
24,3,3,121.7,0,1
68,3.51,0,120.6,1,0
75,4.79,2,130.5,0,1
78,11.29,2,136.9,1,1
33,2.42,0,79.3,1,0
78,4.7,1,120.9,0,0
25,4.09,0,125.8,1,1
53,8.06,0,63.6,0,0
49,4.02,1,141.2,1,0
39,5.49,0,36.8,1,0
19,2.42,2,149.3,1,0
70,8.83,3,121.3,1,1
40,1.72,2,36.7,1,0
62,6.29,0,107,2,1
45,5.51,0,29.3,0,0
43,5.99,0,121.3,1,1
78,1.74,0,124.9,1,1
24,3.96,3,100.3,0,1
68,7.84,1,132.1,2,1
68,12.24,0,37.2,0,1
43,4.48,2,59.5,0,1
35,7.43,1,76.8,0,0
18,5.19,0,30.3,0,0
81,4.63,0,81,1,0
82,3.68,1,58.2,0,0
34,4.81,2,74.1,0,1
20,7.05,0,78.1,0,0
26,7.38,3,134.9,0,1
22,2.01,3,58.8,1,0
74,3.47,2,136.7,1,1
78,2.34,0,78.2,0,0
28,4.95,0,66,0,1
68,3.88,3,87.8,0,1
30,5.87,0,77.2,1,0
42,6.11,1,57.2,0,0
58,0.82,2,87.8,0,0
66,4.79,0,44,0,0
77,9.21,2,69,0,1
21,3.47,3,95.7,0,1
31,3.41,2,76.7,0,0
37,8.32,1,128,1,1
39,7.58,3,57.1,1,1
85,2.5,1,146.2,0,1
70,7.16,2,123.1,1,0
39,2.89,2,145.9,1,1
84,3.39,2,129.8,0,1
51,2.5,0,42.8,0,0
52,2,0,90.8,0,1
47,5.13,0,46.2,1,1
27,1.78,1,127.3,0,0
81,5.25,1,98,1,0
18,5.16,1,57.9,0,0
29,4.36,1,141.2,0,1
33,3.58,2,39.4,2,1
36,3.14,3,95.5,0,1
26,5.28,0,115.1,1,0
19,10.42,2,32.4,2,1
64,4.24,2,99.7,1,1
83,4.16,1,127,0,1
26,2.59,0,33.4,1,0
38,9.81,2,89,0,1
52,3.27,4,57.3,0,1
81,5.55,2,107.9,1,0
65,6.19,3,39.8,1,0
70,5.13,4,142.1,0,1
57,1.75,1,136.8,0,0
46,6.99,1,48.2,1,0
31,3.25,1,65.4,1,0
76,7.54,4,98.5,0,1
72,4.61,0,114.8,1,1
19,6.41,1,80.3,0,1
66,9.45,3,44.5,0,1
23,6.84,0,38,1,1
68,6.5,2,150,2,1
74,7.17,1,81.9,0,0
26,2.82,4,134.1,0,0
47,7.72,3,85.3,0,1
26,4.04,0,140.3,1,1
56,4.13,2,36,0,0
81,5.04,0,39.3,0,0
23,3.81,1,141.2,2,1
45,2.44,2,143.4,0,1
84,4.81,2,64.3,0,1
38,4.14,0,69.4,0,0
26,4.05,0,81.6,1,0
51,4.52,2,77,0,0
52,0.9,1,48.8,0,0
63,4.07,1,137.3,0,1
39,10.11,0,56.7,1,0
82,9.67,0,113.2,1,1
53,4.91,3,33.4,0,1
37,4.81,0,29.8,0,0
83,0.7,1,106.7,1,0
80,3.37,3,67.4,0,1
51,7.13,0,106.9,0,1
19,3.76,2,36.8,0,0
58,8.51,0,143.7,0,1
55,8.22,3,118.6,0,1
28,3.33,2,134.5,0,1
61,5.13,3,42.1,0,0
75,5.28,0,65,0,1
25,1.72,1,71,0,0
67,3.81,2,92.1,0,1
27,1.59,0,62.1,0,0
68,2.69,0,32.6,1,0
46,12.28,0,71.1,0,0
18,3.81,4,56.8,1,1
83,1.09,2,73.2,0,1
29,2.42,1,49.6,1,0
58,1.47,2,57.7,0,0
30,5.25,1,103.4,0,0
81,6.13,1,73.5,0,0
68,7.78,1,68.2,0,1
72,6.91,1,91.7,0,0
47,1.78,0,121.5,1,0
49,5.96,3,72.4,1,1
61,4.4,2,98.4,0,1
71,8.41,0,145.8,1,1
75,7.36,1,90.2,1,1
19,13.18,0,138.7,1,1
63,2.56,4,124.2,1,1
25,2.31,3,32.3,1,0
37,3.51,3,78.6,0,1
74,4.51,0,112.3,1,1
35,3.08,0,148.3,2,0
72,2.65,0,82.3,0,1
49,5.73,0,36.6,0,0
33,3.5,0,95.3,0,0
40,5.28,0,40.8,2,0
54,1.78,4,118.9,0,1
70,5.28,0,88.5,1,0
59,9.84,0,115.4,1,0
81,9.68,2,133.7,2,1
77,7.49,1,103.6,0,0
69,6.51,2,101.6,1,1
59,3.3,1,119.3,0,0
37,6.66,3,130.3,0,1
46,2.2,1,133.6,1,0
26,5.06,1,29.6,0,0
43,2.83,2,94.5,1,0
81,6.68,1,52,0,0
46,10.96,0,132.5,0,1
